title,description,link,board,image_url,scheduled_for,keywords
"What to know first | Homemade Chocolate Spread: Just 4 Ingredients, No Preservatives!","Save this summary pin for homemade chocolate spread: just 4 ingredients, no preservatives!.","https://el-mordjene.info/homemade-chocolate-spread-4-ingredients/","Spreads","https://el-mordjene.info/wp-content/uploads/2026/03/homemade-chocolate-spread-4-ingredients-list.png","2026-03-13T02:36:23.000Z",""
"What to know first | Ramzan&#8217;s Viral Treat: Pistachio Stuffed Chocolate Dates","Save this summary pin for ramzan&#8217;s viral treat: pistachio stuffed chocolate dates.","https://el-mordjene.info/ramzan-pistachio-chocolate-dates-homemade-chocolate-spread/","Spreads","https://el-mordjene.info/wp-content/uploads/2026/03/ramzan-pistachio-chocolate-dates-homemade-chocolate-spread-list.png","2026-03-13T05:27:20.000Z",""
"What to know first | Mastering the Buttery, Flaky French Croissant","Save this summary pin for mastering the buttery, flaky french croissant.","https://el-mordjene.info/mastering-buttery-flaky-french-croissant/","Recipes","https://el-mordjene.info/wp-content/uploads/2026/03/mastering-buttery-flaky-french-croissant-list.png","2026-03-13T12:37:07.000Z",""
"What to know first | Paris Chases Banned El Mordjene Spread","Save this summary pin for paris chases banned el mordjene spread.","https://el-mordjene.info/paris-chases-banned-el-mordjene-spread/","Spreads","https://el-mordjene.info/wp-content/uploads/2026/03/paris-chases-banned-el-mordjene-spread-list.png","2026-03-13T23:30:23.000Z",""
"The Next Big Trend: Why North African Sweets Are Soaring","Uncover the delicious reasons North African sweets are becoming the next big food trend. Learn about their unique appeal, where this sweet wave is coming from, and what makes them so captivating. Dive into why these treats are gaining popularity.","https://el-mordjene.info/north-african-sweets-trending-guide/","Sweets & Trends","https://el-mordjene.info/wp-content/uploads/2026/03/north-african-sweets-trending-guide-hero-5.png","2026-03-14T02:26:52.000Z","north african sweets | the next big trend | discover why north african sweets are soaring in popularity explore how to find authentic treats | understand purchasing options | and join the sweet trend | trend | sweets & trends"
"What to know first | Healthy Homemade Chocolate Spread: Indulge Guilt-Free","Save this summary pin for healthy homemade chocolate spread: indulge guilt-free.","https://el-mordjene.info/healthy-homemade-chocolate-spread-guilt-free/","Spreads","https://el-mordjene.info/wp-content/uploads/2026/03/healthy-homemade-chocolate-spread-guilt-free-list.png","2026-03-14T02:39:37.000Z",""
"Homemade Double Choco Bun Toast: Roti&#8217;O &#038; RotiBoy Style","Homemade Double Choco Bun Toast with a click-worthy angle, useful details, and a more tempting way to explore the full post. roti 8217, o 038, rotiboy style","https://el-mordjene.info/homemade-double-choco-bun-toast/","Recipes","https://el-mordjene.info/wp-content/uploads/2026/03/homemade-double-choco-bun-toast-hero-8.png","2026-03-14T03:03:02.000Z","homemade double choco bun toast | roti 8217 | o 038 | rotiboy style | transform leftover bread into delicious double choco bun toast | recipe | recipes"
"Cheesy Keema Puff Pastry: A Savory French Pastry Recipe Twist","Cheesy Keema Puff Pastry with a click-worthy angle, useful details, and a more tempting way to explore the full post. a savory french pastry recipe twist, discover a viral savory treat our cheesy keema puff pastry recipe combines rich chicken keema and cheese in flaky dough, inspired by classic french pastry recipes","https://el-mordjene.info/cheesy-keema-puff-pastry-french-recipe/","Recipes","https://el-mordjene.info/wp-content/uploads/2026/03/cheesy-keema-puff-pastry-french-recipe-hero-6.png","2026-03-14T04:34:04.000Z","cheesy keema puff pastry | a savory french pastry recipe twist | discover a viral savory treat our cheesy keema puff pastry recipe combines rich chicken keema and cheese in flaky dough | inspired by classic french pastry recipes | chicken recipe | recipe | recipes"
"What to know first | Homemade French Cruller Donuts: A Classic French Pastry Recipe","Save this summary pin for homemade french cruller donuts: a classic french pastry recipe.","https://el-mordjene.info/homemade-french-cruller-donuts-recipe/","Recipes","https://el-mordjene.info/wp-content/uploads/2026/03/homemade-french-cruller-donuts-recipe-list.png","2026-03-14T05:28:49.000Z",""
